{
    "best_coil_phase": [
        4.732975006765595,
        3.441645120199982,
        0.05064580572456969,
        5.505351493478874,
        0.48838105514589264,
        5.598876046627971,
        4.841340939354681,
        4.568020399979396
    ],
    "best_coil_amplitude": [
        0.38775437728809115,
        0.035348409572900086,
        0.2873764196444829,
        0.3066175549835297,
        0.5507282930092032,
        0.5039865777417554,
        0.21293302481778364,
        0.6616335575264032
    ],
    "best_coil_config_cost": 0.5523269225358954,
    "default_coil_config_cost": 1.1997248648407834,
    "cost_improvement_absolute": 0.647397942304888,
    "cost_improvement_relative": -0.5396220094103032,
    "cost_function_name": "B1SARCost",
    "cost_function_direction": "maximize",
    "simulation_data": "children_0_tubes_2_id_19969"
}