{
    "best_coil_phase": [
        1.1771952761997229,
        2.974547931653272,
        3.8505623420068478,
        3.562737455915723,
        0.8622104859690584,
        1.7113346040920965,
        1.9214830993246474,
        0.7588937082791014
    ],
    "best_coil_amplitude": [
        0.3827355062209016,
        0.07132439313621841,
        0.24917612960362262,
        0.3080630354880112,
        0.026276826318438574,
        0.4494580322347166,
        0.19062926009952327,
        0.0
    ],
    "best_coil_config_cost": 0.9716274196707197,
    "default_coil_config_cost": 1.1997248648407834,
    "cost_improvement_absolute": 0.2280974451700637,
    "cost_improvement_relative": -0.19012479598839915,
    "cost_function_name": "B1SARCost",
    "cost_function_direction": "maximize",
    "simulation_data": "children_0_tubes_2_id_19969"
}