{
    "best_coil_phase": [
        2.6139461476281234,
        2.912595210683437,
        3.6083452112966277,
        3.4138511616523903,
        0.08577331991733193,
        1.0544307124822117,
        1.0132260877739638,
        0.9904068755228955
    ],
    "best_coil_amplitude": [
        0.16045155950232456,
        0.4226053781133163,
        0.5305243357348702,
        0.3368437362699285,
        0.0,
        0.7369220388111932,
        0.7681380816461576,
        0.702285448778801
    ],
    "best_coil_config_cost": 1.466352349450021,
    "default_coil_config_cost": 1.326915244545501,
    "cost_improvement_absolute": -0.13943710490452,
    "cost_improvement_relative": 0.1050836558534531,
    "cost_function_name": "B1SARCost",
    "cost_function_direction": "maximize",
    "simulation_data": "children_0_tubes_2_id_19969"
}