{
    "best_coil_phase": [
        1.553916750129832,
        3.318930006237075,
        5.027615064054567,
        4.225953043330874,
        5.2820926848710865,
        5.31542769507842,
        1.3717677263685253,
        1.6695837774770286
    ],
    "best_coil_amplitude": [
        0.27654848035560453,
        0.06424747865975126,
        0.1906716243881932,
        0.0,
        0.2942379922710304,
        0.03254438751118013,
        0.3402111360443671,
        0.21995206614905116
    ],
    "best_coil_config_cost": 1.3236672595419414,
    "default_coil_config_cost": 1.1997248648407834,
    "cost_improvement_absolute": -0.12394239470115798,
    "cost_improvement_relative": 0.10330901553633005,
    "cost_function_name": "B1SARCost",
    "cost_function_direction": "maximize",
    "simulation_data": "children_0_tubes_2_id_19969"
}