{
    "best_coil_phase": [
        1.9215199947357178,
        3.2679686546325684,
        3.479926824569702,
        5.795328140258789,
        0.9926005005836487,
        1.5314137935638428,
        0.6196787357330322,
        3.2348456382751465
    ],
    "best_coil_amplitude": [
        0.6590458750724792,
        0.18868142366409302,
        0.5214937925338745,
        0.25626498460769653,
        0.8048176765441895,
        0.8142598271369934,
        0.5920014381408691,
        0.7378498315811157
    ],
    "best_coil_config_cost": 1.217934012413025,
    "default_coil_config_cost": 1.2674823999404907,
    "cost_improvement_absolute": -0.04954838752746582,
    "cost_improvement_relative": -0.03909197449684143,
    "cost_function_name": "B1HomogeneitySARCost",
    "cost_function_direction": "maximize",
    "simulation_data": "children_3_tubes_3"
}