{
    "best_coil_phase": [
        0.8993905186653137,
        2.297065258026123,
        6.1386590003967285,
        4.353879928588867,
        5.227901458740234,
        -0.2335675060749054,
        6.380068778991699,
        0.4826154410839081
    ],
    "best_coil_amplitude": [
        0.3930777311325073,
        0.15519696474075317,
        -0.16597996652126312,
        0.26348114013671875,
        0.4108906686306,
        0.5596882104873657,
        0.5965894460678101,
        0.5662362575531006
    ],
    "best_coil_config_cost": 2.414057731628418,
    "default_coil_config_cost": 1.2674823999404907,
    "cost_improvement_absolute": 1.1465753316879272,
    "cost_improvement_relative": 0.9046084880828857,
    "cost_function_name": "B1SARCostT",
    "cost_function_direction": "maximize",
    "simulation_data": "children_3_tubes_3"
}