{
    "best_coil_phase": [
        3.161409616470337,
        5.230085372924805,
        6.166440486907959,
        1.1509395837783813,
        2.6551401615142822,
        3.898041009902954,
        4.597722053527832,
        -0.3987491726875305
    ],
    "best_coil_amplitude": [
        0.5252276659011841,
        0.9251400232315063,
        0.8195985555648804,
        0.5377874970436096,
        0.6605833768844604,
        1.175723671913147,
        1.3149783611297607,
        0.7297332882881165
    ],
    "best_coil_config_cost": 1.5018327236175537,
    "default_coil_config_cost": 1.3355458974838257,
    "cost_improvement_absolute": 0.16628682613372803,
    "cost_improvement_relative": 0.12450850754976273,
    "cost_function_name": "B1HomogeneitySARCost",
    "cost_function_direction": "maximize",
    "simulation_data": "children_3_tubes_3"
}