{
    "best_coil_phase": [
        3.848855972290039,
        4.608461380004883,
        5.337005138397217,
        1.2030730247497559,
        2.190763473510742,
        2.921433210372925,
        3.0213630199432373,
        3.5759522914886475
    ],
    "best_coil_amplitude": [
        1.3400288820266724,
        0.5384773015975952,
        0.6365118026733398,
        0.2333458960056305,
        0.7402694821357727,
        1.3958353996276855,
        1.7101222276687622,
        1.3740596771240234
    ],
    "best_coil_config_cost": 2.9281067848205566,
    "default_coil_config_cost": 1.3393661975860596,
    "cost_improvement_absolute": 1.588740587234497,
    "cost_improvement_relative": 1.1861883401870728,
    "cost_function_name": "B1HomogeneitySARCost",
    "cost_function_direction": "maximize",
    "simulation_data": "children_3_tubes_3"
}